battery_level,c02_level,cca2,cca3,cn,device_id,device_name,humidity,ip,latitude,lcd,longitude,scale,temp,timestamp
8,868,US,USA,United States,1,meter-gauge-1xbYRYcj,51,68.161.225.1,38,green,-97,Celsius,34,1.46E+12
6,1080,US,USA,United States,4,sensor-pad-4mzWkz,32,66.39.173.154,44.06,yellow,-121.32,Celsius,28,1.46E+12
3,1210,US,USA,United States,6,sensor-pad-6al7RTAobR,51,204.116.105.67,35.93,yellow,-85.46,Celsius,27,1.46E+12
7,1470,US,USA,United States,10,sensor-pad-10BsywSYUF,56,208.109.163.218,33.61,red,-111.89,Celsius,26,1.46E+12
0,1260,US,USA,United States,12,sensor-pad-12Y2kIm0o,92,68.28.91.22,38,yellow,-97,Celsius,12,1.46E+12
9,1259,US,USA,United States,15,device-mac-15se6mZ,70,67.185.72.1,47.41,yellow,-122,Celsius,13,1.46E+12
4,1425,US,USA,United States,16,sensor-pad-16aXmIJZtdO,53,68.85.85.106,38,red,-97,Celsius,15,1.46E+12
0,1466,US,USA,United States,17,meter-gauge-17zb8Fghhl,98,161.188.212.254,39.95,red,-75.16,Celsius,31,1.46E+12
9,1531,US,USA,United States,19,meter-gauge-19eg1BpfCO,75,64.124.180.215,38,red,-97,Celsius,29,1.46E+12
7,1155,US,USA,United States,20,sensor-pad-20gFNfBgqr,33,66.153.162.66,33.94,yellow,-78.92,Celsius,10,1.46E+12
8,1511,CA,CAN,Canada,24,sensor-pad-24PytzD00Cp,73,69.90.67.1,43.85,red,-79.33,Celsius,28,1.46E+12
4,880,US,USA,United States,25,therm-stick-25kK6VyzIFB,78,24.154.45.90,41.1,green,-80.76,Celsius,27,1.46E+12
6,992,US,USA,United States,30,sensor-pad-30FC7VCyFp0i,46,66.225.253.47,41.85,green,-87.65,Celsius,14,1.46E+12
8,1262,US,USA,United States,32,sensor-pad-329KFvY,30,128.83.9.146,30.3,yellow,-97.74,Celsius,19,1.46E+12
8,857,US,USA,United States,46,sensor-pad-46MiQ33UDaaa,63,65.5.48.253,36.17,green,-86.78,Celsius,12,1.46E+12
4,967,US,USA,United States,49,meter-gauge-49YesGXwt,70,170.37.224.1,42.28,green,-71.44,Celsius,25,1.46E+12
2,1032,US,USA,United States,52,sensor-pad-52eFObBC,34,72.49.128.1,38,yellow,-97,Celsius,10,1.46E+12
8,1436,US,USA,United States,54,sensor-pad-5410CWPrNb6,73,204.15.64.249,32.89,red,-117.13,Celsius,34,1.46E+12
6,1503,US,USA,United States,57,device-mac-57tRB0uMlvSb,40,64.246.146.13,42.66,red,-73.75,Celsius,22,1.46E+12
4,1105,MX,MEX,Mexico,58,sensor-pad-58HgZVw0,96,200.76.250.4,32.53,yellow,-117.02,Celsius,14,1.46E+12
3,1082,US,USA,United States,62,sensor-pad-62fH8oKr8aiT,31,151.198.215.1,38,yellow,-97,Celsius,27,1.46E+12
4,1090,US,USA,United States,63,device-mac-63GL4xSaZbj,91,66.198.198.1,44.56,yellow,-105.67,Celsius,31,1.46E+12
3,1524,US,USA,United States,64,sensor-pad-64djcIn,55,38.99.198.186,38,red,-97,Celsius,12,1.46E+12
5,1250,US,USA,United States,68,sensor-pad-682gym3oKv,81,216.83.68.103,42.4,yellow,-113.78,Celsius,12,1.46E+12
8,1399,US,USA,United States,70,sensor-pad-707OD4ui6U,54,137.164.46.143,33.82,yellow,-118.04,Celsius,26,1.46E+12
4,943,US,USA,United States,73,meter-gauge-73MhL2W,92,209.251.80.58,42.73,green,-87.87,Celsius,26,1.46E+12
9,1212,US,USA,United States,76,sensor-pad-76h137fwB6,74,208.103.221.1,38.87,yellow,-87.67,Celsius,20,1.46E+12
0,1233,CA,CAN,Canada,80,sensor-pad-80TY4dWSMH,57,159.128.0.181,50.01,yellow,-97.22,Celsius,32,1.46E+12
1,1028,US,USA,United States,85,therm-stick-85NcuaO,88,205.213.119.42,43.06,yellow,-89.41,Celsius,17,1.46E+12
1,1212,US,USA,United States,87,device-mac-87EJxth2l,38,204.16.48.130,33.42,yellow,-86.68,Celsius,25,1.46E+12
8,1290,US,USA,United States,94,sensor-pad-94HL9jChD,66,24.32.26.1,39.33,yellow,-120.25,Celsius,28,1.46E+12
0,952,US,USA,United States,98,sensor-pad-98mJQAfJpfW,50,12.116.241.94,38,green,-97,Celsius,22,1.46E+12
2,1131,US,USA,United States,99,device-mac-99Xh5YsPAzOU,27,146.82.204.36,42.4,yellow,-71.26,Celsius,22,1.46E+12
4,854,US,USA,United States,101,meter-gauge-101LT6cP,91,66.83.105.10,36.07,green,-79.79,Celsius,11,1.46E+12
2,1217,US,USA,United States,102,sensor-pad-102D03GaohQkq,89,130.94.149.242,39.62,yellow,-104.87,Celsius,10,1.46E+12
3,1252,US,USA,United States,104,sensor-pad-104Hk2i8,76,208.49.44.2,40.5,yellow,-80.08,Celsius,29,1.46E+12
7,1154,US,USA,United States,105,device-mac-1058nN4WSY9XD,71,64.65.104.235,21.32,yellow,-157.84,Celsius,27,1.46E+12
2,1182,US,USA,United States,108,sensor-pad-108NG6gl2jPi,82,208.35.184.254,34.2,yellow,-118.82,Celsius,34,1.46E+12
6,852,US,USA,United States,109,meter-gauge-109PooBS,80,24.29.148.73,38,green,-97,Celsius,32,1.46E+12
0,1480,US,USA,United States,116,sensor-pad-11663yUf,77,65.40.86.249,38,red,-97,Celsius,19,1.46E+12
6,905,CA,CAN,Canada,118,sensor-pad-118LhAs6l9HDI,41,24.215.34.53,43.23,green,-79.87,Celsius,28,1.46E+12
1,1360,US,USA,United States,121,meter-gauge-121R9rukaY2,91,68.85.158.77,38,yellow,-97,Celsius,24,1.46E+12
0,1520,US,USA,United States,123,device-mac-123zvY7uWFB,33,208.250.26.135,38,red,-97,Celsius,29,1.46E+12
7,1360,US,USA,United States,124,sensor-pad-124b8sCFB,64,72.34.37.168,34.04,yellow,-118.25,Celsius,26,1.46E+12
7,860,US,USA,United States,130,sensor-pad-130QcD7KHEM,27,63.218.164.50,38.98,green,-77.38,Celsius,29,1.46E+12
0,1133,US,USA,United States,131,meter-gauge-131LbuCgFDFfz,68,207.165.237.193,43.15,yellow,-93.21,Celsius,16,1.46E+12
0,804,US,USA,United States,134,sensor-pad-1344UGR6ipMd,76,65.103.30.102,38,green,-97,Celsius,23,1.46E+12
9,1118,US,USA,United States,143,meter-gauge-143DaKT9guwo,97,209.161.21.60,43.71,yellow,-116.19,Celsius,13,1.46E+12
2,1562,US,USA,United States,146,sensor-pad-146YKkPApKAmz,73,169.130.96.205,38,red,-97,Celsius,28,1.46E+12
6,1358,US,USA,United States,147,device-mac-147LitDjFCGsm,27,63.145.223.2,33.42,yellow,-117.62,Celsius,22,1.46E+12
9,1156,US,USA,United States,149,meter-gauge-149lYJiVVP,64,68.87.185.194,38,yellow,-97,Celsius,14,1.46E+12
6,1405,US,USA,United States,150,sensor-pad-150E4MQ1I7I,99,12.169.60.2,38,red,-97,Celsius,24,1.46E+12
2,1326,US,USA,United States,155,therm-stick-155Q8NNDE6hc,93,207.47.73.105,33.83,yellow,-117.87,Celsius,23,1.46E+12
1,1055,US,USA,United States,159,device-mac-159wxHwTv,26,207.99.35.138,40.94,yellow,-74.66,Celsius,13,1.46E+12
9,1005,MX,MEX,Mexico,160,sensor-pad-160O5fWChUtEd,51,132.247.251.14,28.97,yellow,-111.67,Celsius,11,1.46E+12
1,1565,US,USA,United States,162,sensor-pad-162AFoXZ4wxyj,91,208.111.10.38,28.53,red,-81.41,Celsius,26,1.46E+12
3,943,US,USA,United States,163,meter-gauge-163aEud9ec,41,65.98.64.214,40.71,green,-74.21,Celsius,12,1.46E+12
0,1532,US,USA,United States,167,meter-gauge-167c49F2rsfd,91,130.81.20.107,38,red,-97,Celsius,18,1.46E+12
1,1024,US,USA,United States,168,sensor-pad-168jsmHIvZoQ,44,72.194.233.1,38,yellow,-97,Celsius,30,1.46E+12
5,1469,US,USA,United States,169,meter-gauge-169Csr7y7Bv4W,67,69.10.78.169,40.69,red,-74.02,Celsius,12,1.46E+12
4,1141,CA,CAN,Canada,175,therm-stick-175pShgFa,46,168.144.73.16,43.63,yellow,-79.36,Celsius,27,1.46E+12
0,978,US,USA,United States,179,meter-gauge-1794X82qoL,51,74.201.124.206,38,green,-97,Celsius,25,1.46E+12
6,970,US,USA,United States,181,meter-gauge-181nX07JkjvbL,57,209.183.177.125,39.96,green,-105.17,Celsius,23,1.46E+12
6,1144,US,USA,United States,183,device-mac-183F1Kwzon,99,209.206.184.1,38,yellow,-97,Celsius,10,1.46E+12
0,803,US,USA,United States,185,therm-stick-185hLXCLeDto,62,66.218.79.1,37.42,green,-122.01,Celsius,11,1.46E+12
9,1272,US,USA,United States,188,sensor-pad-188iU1bREB0,54,24.99.218.1,34.03,yellow,-84.6,Celsius,31,1.46E+12
8,904,US,USA,United States,190,sensor-pad-190L9K1jSpR,48,63.84.52.254,40.88,green,-84.59,Celsius,21,1.46E+12
4,1212,US,USA,United States,192,sensor-pad-192lSdba2iz4,68,64.19.98.35,33.99,yellow,-96.39,Celsius,34,1.46E+12
2,865,US,USA,United States,194,sensor-pad-194RmwXLdwEb,75,76.111.152.1,38.31,green,-75.24,Celsius,26,1.46E+12
0,1329,US,USA,United States,195,device-mac-195EFN3e8fAcg,92,192.84.2.148,39.96,yellow,-75.2,Celsius,19,1.46E+12
4,1130,US,USA,United States,197,meter-gauge-197kbVAoO,72,128.123.86.1,32.27,yellow,-106.75,Celsius,14,1.46E+12
4,1433,US,USA,United States,198,sensor-pad-198i0dgLr,95,63.123.73.1,29.75,red,-95.61,Celsius,27,1.46E+12
3,1358,US,USA,United States,199,meter-gauge-1999DIRTnt,87,138.123.88.1,39.64,yellow,-75.62,Celsius,15,1.46E+12
5,814,US,USA,United States,200,sensor-pad-200P0imILHSKs,60,208.123.102.1,26.22,green,-98.24,Celsius,33,1.46E+12
4,961,US,USA,United States,202,sensor-pad-2026uC0k1R,67,68.86.208.121,38,green,-97,Celsius,12,1.46E+12
0,939,US,USA,United States,209,meter-gauge-2092AWTuovHc,84,192.85.240.41,37.38,green,-122.18,Celsius,17,1.46E+12
3,886,US,USA,United States,211,meter-gauge-211ZXKquHC,56,98.16.151.1,40.86,green,-96.71,Celsius,18,1.46E+12
1,985,US,USA,United States,212,sensor-pad-212s5XMzVT,59,64.69.99.114,38,green,-97,Celsius,33,1.46E+12
0,1543,US,USA,United States,217,meter-gauge-217TwSfC,96,152.179.92.5,39.03,red,-77.48,Celsius,11,1.46E+12
8,1492,US,USA,United States,220,sensor-pad-220NFfaB,88,69.89.229.62,42.75,red,-73.6,Celsius,23,1.46E+12
9,1052,US,USA,United States,231,device-mac-231ZLoopSPtvJ,63,71.189.64.1,38,yellow,-97,Celsius,30,1.46E+12
3,961,US,USA,United States,232,sensor-pad-232NPOjBj2,88,209.43.117.48,39.82,green,-86.14,Celsius,24,1.46E+12
8,1309,CA,CAN,Canada,234,sensor-pad-234m7Mls,48,69.70.211.1,45.51,yellow,-73.57,Celsius,10,1.46E+12
2,1203,US,USA,United States,235,therm-stick-23520fm6m3,97,199.70.237.1,38,yellow,-97,Celsius,12,1.46E+12
5,1026,CA,CAN,Canada,240,sensor-pad-240KyHP1kA8q,67,66.244.223.137,43.66,yellow,-79.4,Celsius,26,1.46E+12
3,1063,US,USA,United States,243,device-mac-243LAI7tApLGv,69,216.82.164.1,42.42,yellow,-89.56,Celsius,32,1.46E+12
4,1045,US,USA,United States,245,therm-stick-245hmz8pCLuO,48,166.82.154.1,35.95,yellow,-78.56,Celsius,29,1.46E+12
4,1558,US,USA,United States,246,sensor-pad-246W11Dvh,75,68.87.192.2,38,red,-97,Celsius,18,1.46E+12
5,1332,US,USA,United States,251,meter-gauge-251cXtz1C3,50,165.106.1.1,40.03,yellow,-75.33,Celsius,12,1.46E+12
0,1406,US,USA,United States,253,meter-gauge-253jo81wYOW,63,68.86.148.22,38,red,-97,Celsius,18,1.46E+12
7,1004,US,USA,United States,260,sensor-pad-260F7DTEbnz,57,72.21.168.109,42.36,yellow,-71.05,Celsius,13,1.46E+12
7,1315,US,USA,United States,261,device-mac-261mokZ2up,84,66.219.129.45,40.96,yellow,-81.7,Celsius,13,1.46E+12
7,962,US,USA,United States,263,meter-gauge-263ps0qHSc,37,199.255.79.1,39.01,green,-77.1,Celsius,11,1.46E+12
8,1020,US,USA,United States,266,sensor-pad-266wxdoPJgmVJ,39,68.86.21.16,38,yellow,-97,Celsius,26,1.46E+12
2,1372,US,USA,United States,269,meter-gauge-26928628Wfq,49,128.171.193.33,21.33,yellow,-157.82,Celsius,26,1.46E+12
7,1426,US,USA,United States,273,device-mac-273UkFbpFbGRc,45,216.68.50.241,38,red,-97,Celsius,22,1.46E+12
2,1279,US,USA,United States,274,sensor-pad-274YLNa6dMOpB,74,65.123.232.21,38,yellow,-97,Celsius,22,1.46E+12
4,1128,US,USA,United States,276,sensor-pad-276wD446D,96,68.165.105.2,37.65,yellow,-121.86,Celsius,19,1.46E+12
5,931,US,USA,United States,277,meter-gauge-277lPH3SPzBI,87,205.170.190.3,38,green,-97,Celsius,27,1.46E+12
4,1033,US,USA,United States,278,sensor-pad-278cGQuG9MTB,95,38.20.66.229,38,yellow,-97,Celsius,30,1.46E+12
7,1306,US,USA,United States,279,device-mac-279x8mYQn,34,71.160.48.1,38,yellow,-97,Celsius,30,1.46E+12
2,1468,US,USA,United States,280,sensor-pad-280pqyvM,32,63.251.180.249,38,red,-97,Celsius,13,1.46E+12
0,939,US,USA,United States,281,meter-gauge-281UfiZUxpl,70,4.59.156.82,38,green,-97,Celsius,33,1.46E+12
0,836,US,USA,United States,283,meter-gauge-283wT3UOgJZ,64,129.101.79.13,46.84,green,-116.68,Celsius,23,1.46E+12
1,1114,US,USA,United States,288,sensor-pad-288D40Cw,76,66.98.214.35,29.75,yellow,-95.37,Celsius,22,1.46E+12
9,1187,US,USA,United States,289,meter-gauge-289SPspq,83,65.5.194.195,35.75,yellow,-78.78,Celsius,18,1.46E+12
2,893,US,USA,United States,291,device-mac-291oEbQT,95,69.139.170.42,38,green,-97,Celsius,20,1.46E+12
1,1552,US,USA,United States,293,meter-gauge-293C11JCIZ,79,154.54.27.25,38,red,-97,Celsius,28,1.46E+12
8,1215,US,USA,United States,296,sensor-pad-296yHQTHKk4mM,50,198.65.68.1,39.62,yellow,-104.87,Celsius,28,1.46E+12
8,1012,US,USA,United States,299,meter-gauge-2991vJAmf,73,24.104.129.110,39.98,yellow,-74.94,Celsius,15,1.46E+12
8,1311,US,USA,United States,301,meter-gauge-301wHcyNzw,26,150.199.7.154,38.88,yellow,-92.4,Celsius,28,1.46E+12
9,1583,US,USA,United States,302,sensor-pad-302OhWpJ,92,24.231.187.58,43.28,red,-84.57,Celsius,19,1.46E+12
4,1406,US,USA,United States,303,device-mac-303NtnEHKBNq,91,216.6.91.13,39.74,red,-75.67,Celsius,33,1.46E+12
2,1450,US,USA,United States,304,sensor-pad-304B6kUpKGKC,99,65.202.189.1,38,red,-97,Celsius,14,1.46E+12
6,1233,US,USA,United States,305,therm-stick-305Kle4S,48,208.53.44.201,40.32,yellow,-111.75,Celsius,29,1.46E+12
9,1451,US,USA,United States,306,sensor-pad-306gRWxqx6k,42,149.152.1.66,41.78,red,-72.7,Celsius,20,1.46E+12
2,1542,US,USA,United States,308,sensor-pad-308oqspD3,90,4.71.248.45,38,red,-97,Celsius,15,1.46E+12
2,1082,US,USA,United States,314,sensor-pad-314HSipAadO,74,165.166.133.89,33.86,yellow,-78.98,Celsius,19,1.46E+12
4,1450,US,USA,United States,315,device-mac-315NnZUFPJ,84,12.90.115.150,38,red,-97,Celsius,12,1.46E+12
1,1218,US,USA,United States,318,sensor-pad-318b4KNi,79,209.74.39.223,38,yellow,-97,Celsius,30,1.46E+12
1,1533,US,USA,United States,321,device-mac-321ZF71c,62,69.119.108.1,40.93,red,-74.16,Celsius,26,1.46E+12
6,1173,US,USA,United States,325,therm-stick-3255O3f0dWc,33,69.21.5.210,38,yellow,-97,Celsius,29,1.46E+12
6,1178,CA,CAN,Canada,326,sensor-pad-326Loy6wfxus0,58,66.131.31.1,45.52,yellow,-73.61,Celsius,24,1.46E+12
2,1289,US,USA,United States,329,meter-gauge-329OOaAzOXv,38,64.215.248.94,40.39,yellow,-78.92,Celsius,12,1.46E+12
0,1044,US,USA,United States,331,meter-gauge-331j8YASFgep,69,64.71.133.39,38.23,yellow,-120.5,Celsius,23,1.46E+12
8,1587,US,USA,United States,332,sensor-pad-332TDsDSw,39,69.12.179.1,38.39,red,-122.75,Celsius,33,1.46E+12
7,1197,CA,CAN,Canada,333,device-mac-333MgsdQBhY,53,74.12.180.1,43.64,yellow,-79.39,Celsius,33,1.46E+12
4,915,US,USA,United States,335,therm-stick-335Tbd0K,69,69.58.192.9,41.29,green,-96.17,Celsius,22,1.46E+12
0,927,US,USA,United States,337,meter-gauge-337kMdpfwjEE,66,76.24.104.1,42.12,green,-71.1,Celsius,23,1.46E+12
2,852,US,USA,United States,338,sensor-pad-338T2P1jSPz,95,38.112.32.146,38,green,-97,Celsius,11,1.46E+12
8,1236,US,USA,United States,339,device-mac-339YQpIhJ0bw,89,206.170.79.4,34.09,yellow,-118.29,Celsius,23,1.46E+12
7,1030,US,USA,United States,341,meter-gauge-341JQ8nlpWfMT,78,168.36.46.1,30.27,yellow,-97.74,Celsius,17,1.46E+12
8,1055,US,USA,United States,342,sensor-pad-3428qsQFT,55,128.36.38.1,41.31,yellow,-72.93,Celsius,32,1.46E+12
1,1016,US,USA,United States,344,sensor-pad-3448fmEYOh,28,208.42.3.26,44.86,yellow,-93.44,Celsius,24,1.46E+12
4,1269,US,USA,United States,347,meter-gauge-347VZvVXoU9bB,97,152.53.24.2,35.99,yellow,-78.9,Celsius,27,1.46E+12
8,1442,US,USA,United States,352,sensor-pad-352u45ZV48,72,208.67.164.25,25.77,red,-80.36,Celsius,11,1.46E+12
0,1327,US,USA,United States,354,sensor-pad-354ztT0hX9Ik,72,67.78.168.1,28.55,yellow,-81.3,Celsius,23,1.46E+12
1,1234,US,USA,United States,357,device-mac-357L3JNT,96,66.26.129.118,35.22,yellow,-80.79,Celsius,34,1.46E+12
4,1145,US,USA,United States,360,sensor-pad-360y7hqY,85,209.90.120.1,40.3,yellow,-111.68,Celsius,30,1.46E+12
9,1548,US,USA,United States,363,device-mac-3631Mbs0,72,206.223.151.180,39.39,red,-119.68,Celsius,28,1.46E+12
6,1106,US,USA,United States,364,sensor-pad-364V2flrCRzba,50,66.227.239.1,43.61,yellow,-83.95,Celsius,16,1.46E+12
6,1557,US,USA,United States,365,therm-stick-365APmRP1MzYm,69,71.227.240.1,47.2,red,-122.45,Celsius,31,1.46E+12
7,837,US,USA,United States,371,meter-gauge-371PUPsmL6l,72,70.251.87.1,38,green,-97,Celsius,28,1.46E+12
0,1537,CA,CAN,Canada,373,meter-gauge-3738wCnQ,27,216.191.193.89,43.64,red,-79.39,Celsius,25,1.46E+12
7,810,US,USA,United States,375,device-mac-375V9BU5MG,78,206.128.120.230,37.96,green,-121.26,Celsius,34,1.46E+12
3,1084,US,USA,United States,381,device-mac-381BXXEFSJP,42,66.162.80.182,38,yellow,-97,Celsius,15,1.46E+12
3,1379,US,USA,United States,382,sensor-pad-382oL8Ro,42,12.116.6.18,38,yellow,-97,Celsius,30,1.46E+12
5,1370,US,USA,United States,384,sensor-pad-384SD0LVCxqz,75,67.63.11.5,38,yellow,-97,Celsius,26,1.46E+12
0,1057,US,USA,United States,387,device-mac-387PnF8U,70,24.31.194.126,38,yellow,-97,Celsius,28,1.46E+12
9,1471,US,USA,United States,389,meter-gauge-389T6om4,33,67.49.152.1,21.35,red,-158.02,Celsius,29,1.46E+12
5,1009,US,USA,United States,392,sensor-pad-392Qr76vv,77,208.72.135.233,33.65,yellow,-86.71,Celsius,19,1.46E+12
9,1199,US,USA,United States,393,device-mac-393qsuQjS17AC,35,63.76.222.54,38,yellow,-97,Celsius,23,1.46E+12
9,1562,US,USA,United States,395,therm-stick-395vF91m9Bl,34,199.70.249.129,38,red,-97,Celsius,21,1.46E+12
9,817,US,USA,United States,397,meter-gauge-397N7G0DFis,56,71.73.0.1,38,green,-97,Celsius,22,1.46E+12
3,1399,US,USA,United States,401,meter-gauge-401vdpy7,94,128.210.159.1,40.42,yellow,-86.92,Celsius,26,1.46E+12
4,1228,US,USA,United States,404,sensor-pad-404vhgTS1a3T9,93,63.175.114.69,38,yellow,-97,Celsius,27,1.46E+12
8,1152,US,USA,United States,406,sensor-pad-406P8903shIa,56,76.13.1.239,37.42,yellow,-122.01,Celsius,24,1.46E+12
5,1248,US,USA,United States,410,sensor-pad-410mm3FeH,76,68.1.0.133,38,yellow,-97,Celsius,33,1.46E+12
5,1370,US,USA,United States,412,sensor-pad-412bO0ULM,90,66.18.32.34,35.05,yellow,-85.31,Celsius,22,1.46E+12
0,868,CA,CAN,Canada,413,meter-gauge-413UMKlGuP,79,216.18.62.34,49.28,green,-123.13,Celsius,14,1.46E+12
9,1444,US,USA,United States,422,sensor-pad-422k7zYtfM,93,74.128.8.181,38,red,-97,Celsius,19,1.46E+12
5,1403,US,USA,United States,423,device-mac-423QqJHGF6rR,69,24.28.62.186,38,red,-97,Celsius,14,1.46E+12
3,977,US,USA,United States,426,sensor-pad-426cntaKzUj,54,130.81.39.43,38,green,-97,Celsius,24,1.46E+12
9,1218,US,USA,United States,428,sensor-pad-428lSAmdTU,28,64.132.122.2,35.19,yellow,-90.09,Celsius,27,1.46E+12
3,1287,US,USA,United States,430,sensor-pad-4308fv314mi,67,64.56.109.113,39.6,yellow,-84.16,Celsius,12,1.46E+12
2,1472,US,USA,United States,434,sensor-pad-434EMFFatcU,62,216.158.255.181,36.41,red,-105.52,Celsius,17,1.46E+12
3,1531,US,USA,United States,438,sensor-pad-438cmWmKxo8M,57,64.32.59.1,26.36,red,-81.83,Celsius,16,1.46E+12
2,1562,US,USA,United States,443,meter-gauge-443iQMGgjOYey,50,12.118.100.42,38,red,-97,Celsius,22,1.46E+12
0,1102,US,USA,United States,444,sensor-pad-444HxOHj,51,71.169.208.1,38,yellow,-97,Celsius,21,1.46E+12
5,1516,US,USA,United States,447,device-mac-447tIpfzP,96,216.211.134.188,47.63,red,-122.34,Celsius,11,1.46E+12
8,1208,US,USA,United States,453,device-mac-453ZzdMktXk,67,154.54.39.153,38,yellow,-97,Celsius,33,1.46E+12
1,1541,US,USA,United States,459,device-mac-459ldL6VE,87,208.97.236.133,37.79,red,-122.4,Celsius,25,1.46E+12
9,1515,US,USA,United States,460,sensor-pad-460qhHbpezyG,68,69.50.227.251,37.33,red,-121.89,Celsius,18,1.46E+12
7,898,US,USA,United States,462,sensor-pad-462NirFWZtvOw,26,209.155.224.41,38.84,green,-77.34,Celsius,31,1.46E+12
8,1456,US,USA,United States,463,meter-gauge-463Gfe8VWP,75,128.227.29.3,29.65,red,-82.32,Celsius,16,1.46E+12
8,1352,US,USA,United States,468,sensor-pad-4682UiiA,34,216.27.149.63,40.69,yellow,-74.02,Celsius,33,1.46E+12
1,1457,US,USA,United States,469,meter-gauge-469oFaMiVyZ,83,66.232.23.104,25.78,red,-80.18,Celsius,21,1.46E+12
6,922,US,USA,United States,471,device-mac-471BonOScIe,54,204.10.64.6,27.92,green,-82.38,Celsius,14,1.46E+12
8,991,US,USA,United States,479,meter-gauge-479RFp0vf,84,65.38.24.33,36.15,green,-95.99,Celsius,15,1.46E+12
6,1545,US,USA,United States,482,sensor-pad-482bTaE6,87,64.113.43.98,43.44,red,-84.03,Celsius,26,1.46E+12
1,857,US,USA,United States,486,sensor-pad-486eCwFGpB,70,68.87.210.194,38,green,-97,Celsius,30,1.46E+12
9,1466,US,USA,United States,489,device-mac-489vUULPN3J,51,216.170.93.132,33.47,red,-86.81,Celsius,18,1.46E+12
4,904,US,USA,United States,491,meter-gauge-491aFrpG15Qs,96,70.164.39.1,29.95,green,-90.21,Celsius,15,1.46E+12
4,1487,US,USA,United States,497,meter-gauge-497suUASxEyE,85,64.71.18.161,37.49,red,-122.21,Celsius,15,1.46E+12
4,921,US,USA,United States,499,meter-gauge-499kDYRlXqw,46,216.199.49.33,34.86,green,-82.25,Celsius,10,1.46E+12
8,865,US,USA,United States,500,sensor-pad-500YKEHjj6,39,64.135.5.250,38,green,-97,Celsius,14,1.46E+12
0,1309,US,USA,United States,503,meter-gauge-503G7rWBFZgz,63,216.86.171.8,26.07,yellow,-80.37,Celsius,24,1.46E+12
2,1538,US,USA,United States,508,sensor-pad-508XNDemw1AGA,77,64.86.115.58,39.74,red,-75.67,Celsius,19,1.46E+12
8,1364,US,USA,United States,510,sensor-pad-5105ogkZviroX,85,216.6.43.42,39.74,yellow,-75.67,Celsius,16,1.46E+12
4,1416,US,USA,United States,511,meter-gauge-511Civybvd5,61,208.201.227.106,38.39,red,-122.75,Celsius,22,1.46E+12
2,802,US,USA,United States,517,meter-gauge-517hLm3MORx2k,29,70.159.200.119,38,green,-97,Celsius,12,1.46E+12
9,1031,US,USA,United States,522,sensor-pad-522rBbn2,50,12.248.41.238,38,yellow,-97,Celsius,12,1.46E+12
6,1169,US,USA,United States,523,meter-gauge-523TmLTykuvAB,86,4.68.1.227,38,yellow,-97,Celsius,19,1.46E+12
4,910,US,USA,United States,525,device-mac-525iqeZTxe,59,209.113.139.5,38,green,-97,Celsius,22,1.46E+12
4,1141,US,USA,United States,527,meter-gauge-527cjeUtGxkN,99,24.99.243.1,34.02,yellow,-84.5,Celsius,22,1.46E+12
1,950,US,USA,United States,528,sensor-pad-528vmF9bz3vQ,84,209.219.24.25,38,green,-97,Celsius,19,1.46E+12
8,1134,US,USA,United States,535,therm-stick-5358Y96mQye,63,205.140.209.58,38.65,yellow,-90.53,Celsius,33,1.46E+12
9,1000,US,USA,United States,537,device-mac-537yMxB4w,91,76.111.177.1,38.51,green,-81.93,Celsius,16,1.46E+12
4,1012,US,USA,United States,540,sensor-pad-540JGrVhI,38,204.70.196.94,38.65,yellow,-90.53,Celsius,14,1.46E+12
5,1491,US,USA,United States,546,sensor-pad-546n280hbc,27,154.54.45.217,38,red,-97,Celsius,22,1.46E+12
2,1461,US,USA,United States,548,sensor-pad-5486ocM17,52,71.4.247.1,38,red,-97,Celsius,24,1.46E+12
0,876,US,USA,United States,549,device-mac-549PnwJns,87,216.187.90.140,40.69,green,-74.02,Celsius,13,1.46E+12
1,910,US,USA,United States,552,sensor-pad-552AgL944,41,164.144.240.29,38.64,green,-90.43,Celsius,30,1.46E+12
2,1155,US,USA,United States,557,meter-gauge-557Igu0az6,66,65.51.99.133,41.53,yellow,-73.91,Celsius,13,1.46E+12
4,1347,US,USA,United States,558,sensor-pad-558Lw3Et5,56,24.39.116.233,40.76,yellow,-73.97,Celsius,18,1.46E+12
4,1165,US,USA,United States,559,meter-gauge-559JcDmAqbEED,39,12.116.18.146,38,yellow,-97,Celsius,12,1.46E+12
2,847,US,USA,United States,562,sensor-pad-562jktOrjNB1,82,207.40.45.1,39.96,green,-105.17,Celsius,30,1.46E+12
2,1476,US,USA,United States,563,meter-gauge-563nljOuw,94,205.120.147.17,40.76,red,-111.84,Celsius,22,1.46E+12
4,1328,US,USA,United States,568,sensor-pad-568cUMkm00d,88,198.7.242.42,41.77,yellow,-71.35,Celsius,16,1.46E+12
7,1350,US,USA,United States,573,device-mac-573qRwuac,98,65.77.177.106,38,yellow,-97,Celsius,32,1.46E+12
9,1222,CA,CAN,Canada,575,therm-stick-5753Rj6us,34,198.135.216.220,60.72,yellow,-135.05,Celsius,31,1.46E+12
6,1022,US,USA,United States,576,sensor-pad-576iEl11KU,90,216.130.162.219,40.73,yellow,-73.63,Celsius,23,1.46E+12
7,1521,CA,CAN,Canada,577,meter-gauge-5771uqqa3,80,216.8.137.66,42.28,red,-82.98,Celsius,33,1.46E+12
1,1513,US,USA,United States,578,sensor-pad-578D5TM2dm77Y,62,151.213.28.107,40.65,red,-96.16,Celsius,18,1.46E+12
6,1190,US,USA,United States,581,meter-gauge-581JqdfIzXJGu,28,38.99.236.58,25.81,yellow,-80.24,Celsius,27,1.46E+12
7,1027,US,USA,United States,582,sensor-pad-5820KLtZtvwh,55,69.153.114.145,35.06,yellow,-92.38,Celsius,30,1.46E+12
9,1305,US,USA,United States,583,meter-gauge-583lnMfBOKm,56,198.78.95.130,38,yellow,-97,Celsius,33,1.46E+12
3,800,US,USA,United States,584,sensor-pad-584b2wfj,53,173.201.33.1,33.61,green,-111.89,Celsius,20,1.46E+12
7,1257,US,USA,United States,586,sensor-pad-586sgrOxcpD,77,71.82.160.1,38,yellow,-97,Celsius,22,1.46E+12
0,959,US,USA,United States,587,meter-gauge-5872Mo1cAva,79,68.87.217.2,38,green,-97,Celsius,18,1.46E+12
6,827,US,USA,United States,588,sensor-pad-588e0QVfUThoy,69,166.82.179.1,35.37,green,-80.52,Celsius,30,1.46E+12
2,841,US,USA,United States,589,meter-gauge-589y1nfN,66,192.31.88.42,29.71,green,-95.4,Celsius,15,1.46E+12
4,1180,US,USA,United States,590,sensor-pad-590kLFBt,29,206.82.187.1,38.92,yellow,-94.7,Celsius,24,1.46E+12
0,1485,US,USA,United States,591,device-mac-591pAg6HCj,72,66.82.159.1,38,red,-97,Celsius,29,1.46E+12
0,1036,US,USA,United States,596,sensor-pad-596alRtKhKSbm,26,216.176.48.221,38.65,yellow,-90.53,Celsius,34,1.46E+12
0,1456,US,USA,United States,599,meter-gauge-599W5vB4QW6wq,58,67.111.64.2,38,red,-97,Celsius,11,1.46E+12
5,813,US,USA,United States,600,sensor-pad-600OGsUc,85,75.106.8.1,33.62,green,-91.95,Celsius,15,1.46E+12
1,983,US,USA,United States,608,sensor-pad-608yjP3m,27,74.255.79.1,38,green,-97,Celsius,10,1.46E+12
6,1195,US,USA,United States,612,sensor-pad-612h33TzM,48,204.16.86.2,41.88,yellow,-87.62,Celsius,22,1.46E+12
3,888,CA,CAN,Canada,615,device-mac-6151h71yjbJSy,83,209.44.125.185,45.51,green,-73.56,Celsius,26,1.46E+12
3,1598,US,USA,United States,616,sensor-pad-616fuyMXxtxv3,40,24.148.140.1,38,red,-97,Celsius,22,1.46E+12
9,1264,US,USA,United States,619,meter-gauge-6199Ftgyz,52,4.53.232.57,38,yellow,-97,Celsius,21,1.46E+12
8,1430,US,USA,United States,621,device-mac-621WORJdG4xd,81,71.160.73.1,38,red,-97,Celsius,30,1.46E+12
6,841,US,USA,United States,622,sensor-pad-622xslljJ,73,66.160.72.1,37.61,green,-77.44,Celsius,29,1.46E+12
0,1075,US,USA,United States,625,therm-stick-6250IGwKXU,59,76.160.74.1,37.61,yellow,-77.44,Celsius,30,1.46E+12
6,1027,US,USA,United States,626,sensor-pad-626SEaIsmKq9,69,64.200.110.34,38,yellow,-97,Celsius,13,1.46E+12
9,1227,US,USA,United States,630,sensor-pad-63099iba7rRg,39,204.70.202.158,38.65,yellow,-90.53,Celsius,26,1.46E+12
3,1407,US,USA,United States,634,sensor-pad-634cNoY1s3S,81,71.53.144.1,28.24,red,-81.45,Celsius,13,1.46E+12
2,1316,US,USA,United States,636,sensor-pad-636HSAL5,45,216.180.230.205,33.73,yellow,-84.43,Celsius,26,1.46E+12
7,1435,US,USA,United States,639,device-mac-6391aZYfo,49,66.37.2.124,33.84,red,-118.35,Celsius,12,1.46E+12
6,1236,US,USA,United States,643,meter-gauge-6431nilT,26,68.115.195.86,34.69,yellow,-82.28,Celsius,34,1.46E+12
7,1155,US,USA,United States,647,meter-gauge-647oyPxnF8SV,54,66.117.3.84,34.12,yellow,-118.26,Celsius,14,1.46E+12
9,991,US,USA,United States,648,sensor-pad-648Zrv9P,76,66.84.253.25,43.06,green,-88.1,Celsius,28,1.46E+12
4,807,US,USA,United States,650,sensor-pad-650PlkZ2QnMP7,81,169.226.82.1,42.69,green,-73.84,Celsius,17,1.46E+12
3,1284,US,USA,United States,651,device-mac-651kRsERm,74,66.197.4.44,39.04,yellow,-77.49,Celsius,20,1.46E+12
1,871,US,USA,United States,656,sensor-pad-656MK7mKux,82,24.119.124.1,43.6,green,-116.61,Celsius,12,1.46E+12
8,1226,US,USA,United States,659,meter-gauge-659sFJ4y,91,149.142.155.133,33.79,yellow,-118.3,Celsius,23,1.46E+12
4,1341,US,USA,United States,661,meter-gauge-661r6o3ekBrs,44,66.230.75.22,40.42,yellow,-80.05,Celsius,22,1.46E+12
2,1070,CA,CAN,Canada,663,device-mac-663YvxC2,51,66.131.56.1,45.69,yellow,-73.87,Celsius,34,1.46E+12
8,1079,US,USA,United States,664,sensor-pad-664N2eFLVL0P,63,216.131.86.1,38.93,yellow,-119.98,Celsius,33,1.46E+12
9,1405,US,USA,United States,666,sensor-pad-666tXoonPQ,32,206.131.84.1,45.16,red,-93.32,Celsius,11,1.46E+12
2,802,US,USA,United States,667,meter-gauge-667AfsMdS,30,4.26.50.5,41.05,green,-73.54,Celsius,29,1.46E+12
2,925,CA,CAN,Canada,669,device-mac-669lTXXS,32,74.12.205.1,45.51,green,-73.57,Celsius,33,1.46E+12
4,966,US,USA,United States,673,meter-gauge-673ny5LnkS,32,74.222.141.93,33.81,green,-117.8,Celsius,28,1.46E+12
1,1390,MX,MEX,Mexico,680,sensor-pad-680sacZd1kx,53,148.235.22.17,19.43,yellow,-99.13,Celsius,18,1.46E+12
7,926,US,USA,United States,683,meter-gauge-683TVQeI,91,128.36.63.1,41.31,green,-72.93,Celsius,11,1.46E+12
3,997,US,USA,United States,687,device-mac-687aP992K,71,68.36.51.1,42.58,green,-83.76,Celsius,12,1.46E+12
5,860,US,USA,United States,691,meter-gauge-691BGTXOS55,73,205.173.226.1,37.5,green,-121.53,Celsius,11,1.46E+12
3,801,US,USA,United States,693,device-mac-6938GDZ54,80,67.16.166.122,38,green,-97,Celsius,12,1.46E+12
7,1592,US,USA,United States,696,sensor-pad-696jsAfRjRS,44,64.132.140.194,35.08,red,-80.89,Celsius,28,1.46E+12
3,1112,US,USA,United States,697,meter-gauge-697RZSzPRWgb,44,38.121.78.12,38,yellow,-97,Celsius,15,1.46E+12
0,860,US,USA,United States,706,sensor-pad-7060nq1gMNd5,66,166.102.60.1,38,green,-97,Celsius,27,1.46E+12
1,1303,US,USA,United States,707,meter-gauge-70706Y1w,76,71.102.41.1,38,yellow,-97,Celsius,27,1.46E+12
5,1070,CA,CAN,Canada,709,meter-gauge-709pajQW,44,24.64.223.197,43.64,yellow,-79.39,Celsius,28,1.46E+12
6,1325,US,USA,United States,713,meter-gauge-713w7IXaTcRL,38,63.218.14.73,38.98,yellow,-77.38,Celsius,28,1.46E+12
7,1080,US,USA,United States,714,sensor-pad-714OYEff,79,38.117.156.104,40.69,yellow,-73.99,Celsius,16,1.46E+12
4,857,US,USA,United States,715,therm-stick-715xiU9vgwXx,71,216.180.237.13,33.73,green,-84.43,Celsius,33,1.46E+12
4,1179,US,USA,United States,717,device-mac-7175j1GDvIK,74,69.31.34.213,38.95,yellow,-77.22,Celsius,10,1.46E+12
2,1478,US,USA,United States,719,meter-gauge-719rOTZUnld,61,154.54.58.89,38,red,-97,Celsius,10,1.46E+12
9,1301,US,USA,United States,721,meter-gauge-721zoXv2EJ,47,69.162.207.238,61.19,yellow,-149.89,Celsius,14,1.46E+12
0,971,US,USA,United States,724,sensor-pad-724MAEisU,26,18.7.25.1,42.36,green,-71.1,Celsius,32,1.46E+12
2,1137,US,USA,United States,727,meter-gauge-727SYvv4xnte,59,8.7.23.1,38,yellow,-97,Celsius,28,1.46E+12
6,883,US,USA,United States,730,sensor-pad-730BMljcGd,72,208.53.76.9,39.35,green,-121.77,Celsius,23,1.46E+12
7,907,US,USA,United States,731,meter-gauge-73158eHTQc0,80,205.144.210.1,34.8,green,-84.91,Celsius,33,1.46E+12
5,1471,US,USA,United States,733,meter-gauge-733FRgTBmL,72,68.85.202.13,38,red,-97,Celsius,13,1.46E+12
7,1018,US,USA,United States,736,sensor-pad-736F6fSDlLCGB,78,204.3.216.199,39.62,yellow,-104.87,Celsius,25,1.46E+12
0,1127,US,USA,United States,739,meter-gauge-739TLykPoAo,33,66.39.36.49,40.42,yellow,-79.98,Celsius,18,1.46E+12
2,1377,US,USA,United States,745,therm-stick-745yDaHUoK,80,66.198.248.1,41.87,yellow,-87.65,Celsius,23,1.46E+12
4,1051,US,USA,United States,752,sensor-pad-752A5Z9rqbu,95,38.20.37.194,38,yellow,-97,Celsius,12,1.46E+12
8,837,CA,CAN,Canada,753,device-mac-753YEGgdvD,95,206.186.250.201,43.64,green,-79.39,Celsius,10,1.46E+12
2,956,US,USA,United States,754,sensor-pad-754TaDF5,48,68.210.172.1,38,green,-97,Celsius,33,1.46E+12
6,862,US,USA,United States,755,therm-stick-755g1oNq,43,128.210.184.1,40.42,green,-86.92,Celsius,27,1.46E+12
4,1116,US,USA,United States,759,device-mac-759tkMcd5lb,38,66.165.50.17,47.61,yellow,-122.33,Celsius,16,1.46E+12
9,1403,US,USA,United States,761,meter-gauge-761r28sXLk3,53,69.42.82.196,40.73,red,-73.63,Celsius,20,1.46E+12
7,1596,US,USA,United States,765,device-mac-765V8qIrV,28,65.222.95.1,38,red,-97,Celsius,24,1.46E+12
2,1388,US,USA,United States,773,meter-gauge-773fDWygA,58,68.110.109.0,33.51,yellow,-112.1,Celsius,31,1.46E+12
9,1433,US,USA,United States,775,therm-stick-775FfzwTgFv,34,65.115.166.1,38,red,-97,Celsius,26,1.46E+12
2,1121,US,USA,United States,778,sensor-pad-778ncoeNN37Bn,53,209.51.131.62,33.73,yellow,-84.43,Celsius,29,1.46E+12
9,1502,US,USA,United States,779,meter-gauge-779hEmVS0zqn,66,64.74.108.194,38,red,-97,Celsius,33,1.46E+12
4,1256,CA,CAN,Canada,780,sensor-pad-780r8sndTkX,95,168.144.116.208,43.63,yellow,-79.36,Celsius,22,1.46E+12
7,992,US,USA,United States,781,meter-gauge-781XfnAjB,56,68.3.180.0,33.25,green,-111.63,Celsius,32,1.46E+12
4,1349,US,USA,United States,782,sensor-pad-782sONYA,36,161.58.13.11,39.62,yellow,-104.87,Celsius,20,1.46E+12
1,1281,US,USA,United States,783,device-mac-783BK2IW,46,68.85.141.170,38,yellow,-97,Celsius,13,1.46E+12
5,1166,US,USA,United States,784,sensor-pad-784PqwARhQ3d,83,69.224.174.18,38,yellow,-97,Celsius,25,1.46E+12
1,1037,US,USA,United States,785,therm-stick-785pGVAsag,98,134.139.27.1,33.78,yellow,-118.12,Celsius,34,1.46E+12
8,1326,CA,CAN,Canada,786,sensor-pad-786BO2rt,76,192.197.51.115,46.8,yellow,-71.18,Celsius,27,1.46E+12
9,1340,CA,CAN,Canada,788,sensor-pad-788iQW7WEaa,60,24.139.5.1,48.5,yellow,-81.34,Celsius,10,1.46E+12
5,913,US,USA,United States,789,device-mac-789iquhTp,88,69.139.14.1,40.03,green,-75.45,Celsius,12,1.46E+12
4,1571,MX,MEX,Mexico,792,sensor-pad-792kFx0i,84,148.240.254.45,25.67,red,-100.32,Celsius,31,1.46E+12
5,1574,US,USA,United States,793,meter-gauge-793Y8DIiFUY,95,66.51.1.6,39.62,red,-104.87,Celsius,19,1.46E+12
6,1562,US,USA,United States,795,device-mac-795jtiSyrVT,74,137.71.220.60,42.57,red,-71.17,Celsius,19,1.46E+12
3,1494,US,USA,United States,802,sensor-pad-802shb30z,49,66.169.232.1,35.46,red,-120.72,Celsius,14,1.46E+12
2,818,US,USA,United States,804,sensor-pad-804t3q6vs,32,208.72.100.134,42.74,green,-83.04,Celsius,12,1.46E+12
9,1319,US,USA,United States,805,therm-stick-805yuhCsg8n5,38,216.217.108.213,38,yellow,-97,Celsius,31,1.46E+12
9,1037,US,USA,United States,807,device-mac-807U92My7g9z,95,68.86.252.57,38,yellow,-97,Celsius,27,1.46E+12
3,1285,US,USA,United States,808,sensor-pad-808OcbAvEv2c,71,206.82.139.30,39.74,yellow,-75.67,Celsius,31,1.46E+12
8,1234,US,USA,United States,812,sensor-pad-812Nozgwv,34,159.124.2.11,37.54,yellow,-77.43,Celsius,17,1.46E+12
8,1081,CA,CAN,Canada,815,therm-stick-8150UxSjPb2M,58,132.205.16.1,45.5,yellow,-73.58,Celsius,30,1.46E+12
5,1261,CA,CAN,Canada,818,sensor-pad-818kGuMu,92,76.75.120.25,44.15,yellow,-78.46,Celsius,10,1.46E+12
7,866,US,USA,United States,819,device-mac-819VX75JSHXL,38,216.221.97.28,48.14,green,-101.34,Celsius,27,1.46E+12
5,1020,US,USA,United States,824,sensor-pad-824A3oosTPzkM,84,65.14.252.189,38,yellow,-97,Celsius,17,1.46E+12
7,837,US,USA,United States,827,meter-gauge-827segdv,77,216.69.71.250,37.57,green,-122.32,Celsius,10,1.46E+12
6,1597,CA,CAN,Canada,828,sensor-pad-828wRNokW6M,65,204.209.44.22,53.55,red,-113.5,Celsius,21,1.46E+12
6,1424,US,USA,United States,829,meter-gauge-829s2OmCLV,33,74.235.223.1,38,red,-97,Celsius,14,1.46E+12
4,874,US,USA,United States,831,device-mac-831aeB0r,70,129.110.10.1,32.95,green,-96.73,Celsius,22,1.46E+12
2,1267,US,USA,United States,838,sensor-pad-838Rza2xTieG,55,128.109.16.177,35.78,yellow,-79.71,Celsius,21,1.46E+12
0,1356,US,USA,United States,839,meter-gauge-839Hz5FZ,30,208.254.64.206,38,yellow,-97,Celsius,16,1.46E+12
1,1491,US,USA,United States,840,sensor-pad-840qdHwBi,32,64.106.202.99,40.72,red,-74.05,Celsius,29,1.46E+12
5,1369,US,USA,United States,841,meter-gauge-841GRHy0g,70,137.39.5.213,38,yellow,-97,Celsius,12,1.46E+12
5,1161,US,USA,United States,842,sensor-pad-842oeTwU,64,24.3.60.1,40.34,yellow,-79.55,Celsius,12,1.46E+12
6,1054,US,USA,United States,844,sensor-pad-844qsFz59dUs,30,65.90.11.66,27.89,yellow,-97.32,Celsius,10,1.46E+12
9,1509,US,USA,United States,845,therm-stick-8457QH9l,29,68.152.140.1,33.82,red,-84.36,Celsius,24,1.46E+12
3,1597,US,USA,United States,850,sensor-pad-850u9XMRzAzi,50,70.164.64.1,35.25,red,-97.46,Celsius,32,1.46E+12
6,1413,US,USA,United States,856,sensor-pad-8564eR1zRhC,93,64.198.101.109,38,red,-97,Celsius,26,1.46E+12
6,1371,US,USA,United States,859,meter-gauge-859dx5kmU,53,165.193.38.158,38.65,yellow,-90.53,Celsius,13,1.46E+12
8,1570,US,USA,United States,861,device-mac-8613edjBp,81,64.17.120.174,43.17,red,-72.5,Celsius,19,1.46E+12
7,1099,US,USA,United States,862,sensor-pad-862IYJ0e,61,69.22.153.225,38.95,yellow,-77.22,Celsius,34,1.46E+12
0,1539,US,USA,United States,869,meter-gauge-8698KzyzfNZ,51,208.67.201.153,45.58,red,-122.91,Celsius,32,1.46E+12
3,1465,US,USA,United States,871,meter-gauge-871sYwhAU,47,24.206.197.1,30.5,red,-99.79,Celsius,10,1.46E+12
1,1173,US,USA,United States,873,device-mac-873TkYao77,95,209.81.10.1,37.39,yellow,-122.08,Celsius,33,1.46E+12
2,1486,US,USA,United States,876,sensor-pad-876l2ZtlLie,66,216.218.159.1,37.52,red,-121.9,Celsius,21,1.46E+12
4,1045,US,USA,United States,879,device-mac-879U81cKakCB,79,69.90.129.129,40.69,yellow,-74.02,Celsius,29,1.46E+12
4,1048,US,USA,United States,880,sensor-pad-880mhCUcRX8,86,141.218.144.1,42.27,yellow,-85.62,Celsius,31,1.46E+12
0,908,US,USA,United States,884,sensor-pad-88435sF8u,29,216.16.5.138,36.9,green,-89.57,Celsius,31,1.46E+12
8,942,CA,CAN,Canada,885,device-mac-885MPusGV,39,207.236.80.182,43.69,green,-79.56,Celsius,10,1.46E+12
9,890,US,USA,United States,887,meter-gauge-887tsaYpx,87,4.59.200.18,38,green,-97,Celsius,17,1.46E+12
2,1094,US,USA,United States,889,meter-gauge-889L47K7tN,72,128.230.65.1,43.04,yellow,-76.14,Celsius,20,1.46E+12
8,1399,US,USA,United States,897,device-mac-8974FYJ5,93,138.123.138.1,39.3,yellow,-75.57,Celsius,31,1.46E+12
6,1000,US,USA,United States,901,meter-gauge-901bbQuMD,90,192.205.34.65,38,green,-97,Celsius,10,1.46E+12
0,1247,US,USA,United States,902,sensor-pad-902e7sjet,91,209.251.76.23,42.67,yellow,-71.08,Celsius,29,1.46E+12
5,1419,US,USA,United States,908,sensor-pad-90839qmfWfu0J,64,38.122.74.21,38,red,-97,Celsius,22,1.46E+12
5,1252,US,USA,United States,909,device-mac-909HQeNNkqid,47,68.85.214.141,38,yellow,-97,Celsius,23,1.46E+12
7,1003,US,USA,United States,918,sensor-pad-918d4S2Z,39,216.201.168.57,30.32,yellow,-97.88,Celsius,17,1.46E+12
4,1432,CA,CAN,Canada,919,meter-gauge-919nc54Djgbtp,81,142.46.6.26,43.66,red,-79.39,Celsius,20,1.46E+12
6,1311,US,USA,United States,927,device-mac-927QGet3,77,208.178.58.125,38,yellow,-97,Celsius,21,1.46E+12
9,1281,US,USA,United States,928,sensor-pad-928uxI0p,74,66.54.145.74,37.79,yellow,-122.4,Celsius,11,1.46E+12
7,1598,US,USA,United States,934,sensor-pad-934KZnpAd,70,146.82.200.1,42.4,red,-71.26,Celsius,25,1.46E+12
4,1451,US,USA,United States,936,sensor-pad-936zSO1jZG,52,24.164.111.221,38,red,-97,Celsius,20,1.46E+12
6,1512,US,USA,United States,941,meter-gauge-941iWM6bMm,64,208.94.136.1,42.46,red,-71.36,Celsius,29,1.46E+12
9,847,US,USA,United States,942,sensor-pad-942WZYcr5igYX,87,204.210.160.229,39.96,green,-82.07,Celsius,27,1.46E+12
2,1110,US,USA,United States,944,sensor-pad-944zBtlgaX6yp,46,24.28.227.64,38,yellow,-97,Celsius,29,1.46E+12
5,1457,US,USA,United States,949,meter-gauge-949PBHeReQj,66,154.54.10.118,38,red,-97,Celsius,32,1.46E+12
3,1492,CA,CAN,Canada,951,device-mac-951lF3Hemb,68,206.75.91.246,51.1,red,-114.11,Celsius,10,1.46E+12
2,1398,US,USA,United States,952,sensor-pad-952cFZs2,64,68.85.154.42,38,yellow,-97,Celsius,27,1.46E+12
1,1155,US,USA,United States,953,meter-gauge-953dcAF3,70,72.11.27.1,41.31,yellow,-84.56,Celsius,30,1.46E+12
1,1493,US,USA,United States,954,sensor-pad-954IZ3BalXc,80,207.11.54.1,33.87,red,-84.46,Celsius,24,1.46E+12
1,1074,US,USA,United States,955,therm-stick-955hDbbh5HW,37,209.16.112.2,29.3,yellow,-81.19,Celsius,31,1.46E+12
5,1170,US,USA,United States,961,meter-gauge-961p8ei1Otgok,80,71.160.98.1,38,yellow,-97,Celsius,12,1.46E+12
9,1557,US,USA,United States,964,sensor-pad-9644B6JD78,41,67.135.206.21,38,red,-97,Celsius,25,1.46E+12
5,1496,US,USA,United States,968,sensor-pad-968muLvQOE,82,68.172.21.1,38,red,-97,Celsius,34,1.46E+12
0,1307,CA,CAN,Canada,975,device-mac-975Zcm9meJ,93,198.168.252.99,45.45,yellow,-73.67,Celsius,33,1.46E+12
3,1267,US,USA,United States,978,sensor-pad-978B93p6uj,55,216.145.224.17,42.19,yellow,-88.35,Celsius,29,1.46E+12
0,852,US,USA,United States,982,sensor-pad-982gd9s7YWt,59,65.202.239.1,39,green,-77.53,Celsius,26,1.46E+12
5,1031,US,USA,United States,985,therm-stick-985kIioS6,76,4.69.143.178,38,yellow,-97,Celsius,13,1.46E+12
4,1286,US,USA,United States,988,sensor-pad-988LM91fKbTb,58,207.251.56.137,35.23,yellow,-106.28,Celsius,23,1.46E+12
9,1019,US,USA,United States,990,sensor-pad-9904mbC1cBNfR,53,207.114.255.6,30.22,yellow,-98.36,Celsius,33,1.46E+12
4,1488,US,USA,United States,993,device-mac-993KOHvm,68,216.185.160.250,38,red,-97,Celsius,15,1.46E+12
5,922,US,USA,United States,997,meter-gauge-997oUtIqxNS,73,67.217.234.98,39.85,green,-104.95,Celsius,27,1.46E+12
8,1465,US,USA,United States,999,device-mac-999iFA05vUvT,86,24.220.1.226,43.64,red,-94.48,Celsius,34,1.46E+12
1,904,US,USA,United States,1000,sensor-pad-10003Mlbf,45,65.112.240.102,38,green,-97,Celsius,11,1.46E+12
